candidate_id,name,surname,job_title,reference_full_name,reference_email,ref_text
49,Kenneth,Cox,Executive Chef,Restaurant Owner Jennifer Davis,j.davis@restaurantmanagementpro.com,"kenneth cox is an outstanding executive chef whose culinary leadership and business acumen have transformed our restaurant operations. he developed innovative menus that increased customer satisfaction and revenue by 40% while maintaining food cost controls. kenneth's expertise in kitchen management, staff development, and culinary trends has established our restaurant as a local dining destination. his leadership of kitchen teams and ability to maintain high standards during busy service periods demonstrate exceptional culinary leadership. kenneth's combination of culinary expertise, business sense, and team leadership makes him perfectly suited for senior culinary executive positions."
50,Donna,Ward,Veterinary Director,Dr. Michael Rodriguez,m.rodriguez@animalhospital.com,"dr. donna ward was an exceptional veterinarian whose clinical expertise and compassionate animal care consistently achieved outstanding treatment outcomes. her diagnostic skills, surgical abilities, and client communication were comprehensive and professional. donna maintained excellent medical records while providing thorough patient care and client education. she demonstrated strong decision making abilities in emergency situations and collaborated effectively with veterinary staff. donna's commitment to continuing education and advancement in veterinary medicine positioned her well for leadership roles in veterinary practice management."
50,Donna,Ward,Chief Veterinary Officer,Dr. Patricia Wilson,p.wilson@animalcaresolutions.com,"dr. donna ward is an outstanding veterinary director whose clinical leadership and practice management expertise have significantly enhanced our veterinary services. she implemented comprehensive medical protocols that improved patient outcomes while establishing excellence standards across all clinical services. donna's expertise in emergency medicine, practice management, and staff development has transformed our veterinary operations. her leadership during critical cases and ability to maintain high medical standards demonstrate exceptional veterinary leadership. donna's combination of clinical excellence, management skills, and compassionate care makes her perfectly suited for senior veterinary executive positions."
51,Arthur,Torres,Engineering Director,Dr. Robert Martinez,r.martinez@powergenerationcorp.com,"arthur torres was an exceptional electrical engineer whose technical expertise and attention to detail consistently delivered reliable power system solutions. his understanding of electrical systems, power generation, and safety protocols was comprehensive. arthur managed complex electrical projects while ensuring regulatory compliance and safety standards. he demonstrated strong analytical abilities and problem solving skills in challenging engineering situations. arthur's collaborative approach with engineering teams and commitment to professional development positioned him well for advancement in power systems engineering leadership."
51,Arthur,Torres,Chief Engineering Officer,Jennifer Davis,j.davis@energysolutionspro.com,"arthur torres is an outstanding senior power systems engineer whose technical leadership and innovative approach have driven significant improvements in our power infrastructure projects. he designed and implemented power systems serving major industrial facilities with exceptional reliability records. arthur's expertise in power generation, grid integration, and renewable energy systems has positioned our organization at the forefront of energy solutions. his leadership of major infrastructure projects and mentorship of engineering teams demonstrate exceptional technical leadership. arthur's combination of deep technical knowledge, strategic vision, and project management skills makes him perfectly suited for senior engineering executive positions."
52,Cheryl,Peterson,Social Services Director,Dr. Sandra Martinez,s.martinez@communityservices.org,"cheryl peterson was an exceptional social worker whose dedication to client welfare and professional competence consistently achieved positive outcomes for vulnerable individuals and families. her assessment skills, case management abilities, and therapeutic interventions were comprehensive and effective. cheryl managed complex caseloads while maintaining detailed documentation and regulatory compliance. she demonstrated strong advocacy skills and ability to coordinate services across multiple agencies. cheryl's commitment to social justice and professional development positioned her well for advancement in social services leadership and program management."
52,Cheryl,Peterson,Executive Director,Dr. Michael Wilson,m.wilson@behavioralhealthcorp.org,"cheryl peterson is an outstanding director of social services whose leadership and clinical expertise have transformed our behavioral health programs. she implemented comprehensive treatment protocols that improved client outcomes by 50% while expanding service accessibility to underserved populations. cheryl's expertise in mental health services, program development, and staff supervision has established excellence standards across our organization. her leadership during crisis situations and ability to secure funding for critical programs demonstrate exceptional social services leadership. cheryl's combination of clinical expertise, administrative skills, and advocacy makes her perfectly suited for senior social services executive positions."
53,Ralph,Gray,Police Chief,Captain Robert Thompson,r.thompson@citypolice.gov,"ralph gray was an exceptional police officer whose dedication to public safety and professional conduct consistently earned recognition from supervisors and community members. his law enforcement skills, attention to detail, and ability to handle challenging situations professionally were impressive. ralph maintained excellent arrest and case closure rates while building positive community relationships. he demonstrated strong investigative abilities and showed leadership potential in training newer officers. ralph's commitment to professional development and law enforcement excellence positioned him well for advancement in police leadership and criminal investigation roles."
53,Ralph,Gray,Deputy Chief,Chief Jennifer Rodriguez,j.rodriguez@lawenforcementsolutions.gov,"ralph gray is an outstanding detective sergeant whose investigative leadership and law enforcement expertise have significantly enhanced our criminal investigation capabilities. he solved complex criminal cases with exceptionally high clearance rates while maintaining meticulous evidence handling and case documentation. ralph's expertise in criminal investigation, forensics, and case management has established best practices across our detective division. his leadership of investigative teams and mentorship of junior detectives demonstrate exceptional law enforcement leadership. ralph's combination of investigative skills, leadership abilities, and commitment to justice makes him perfectly suited for senior law enforcement executive positions."
54,Janice,Ramirez,Marketing Director,Sandra Davis,s.davis@digitalmarketingcorp.com,"janice ramirez was an exceptional marketing coordinator whose organizational skills and creative approach consistently supported successful marketing campaigns. her ability to coordinate multiple marketing activities, manage vendor relationships, and maintain project timelines was impressive. janice demonstrated strong attention to detail in campaign execution and showed initiative in suggesting process improvements. she collaborated effectively with creative teams while maintaining focus on campaign objectives and budget controls. janice's understanding of digital marketing trends and enthusiasm for marketing automation positioned her well for advancement in digital marketing leadership."
54,Janice,Ramirez,VP of Growth Marketing,Michael Martinez,m.martinez@growthmarketingsolutions.com,"janice ramirez is an outstanding marketing automation specialist whose technical expertise and strategic thinking have driven exceptional marketing performance. she implemented automated marketing systems that increased lead generation by 200% while improving conversion rates significantly. janice's expertise in marketing technology, data analysis, and campaign optimization has established innovative marketing practices. her leadership in developing marketing automation strategies and training marketing teams demonstrate exceptional marketing leadership. janice's combination of technical skills, analytical thinking, and strategic vision makes her perfectly suited for senior marketing executive positions."
55,Wayne,James,Transportation Director,Robert Wilson,r.wilson@transportationsolutions.com,"wayne james was an exceptional truck driver whose safety record and reliability consistently earned recognition throughout his driving career. his understanding of transportation regulations, vehicle maintenance, and route optimization was comprehensive. wayne maintained an excellent safety record while meeting challenging delivery schedules and maintaining positive client relationships. he demonstrated strong problem solving abilities and showed leadership potential in training newer drivers. wayne's transition to fleet management roles was natural given his operational expertise and understanding of transportation logistics."
55,Wayne,James,Chief Operations Officer,Patricia Martinez,p.martinez@freightsolutionspro.com,"wayne james is an outstanding transportation manager whose operational leadership and industry expertise have transformed our freight operations. he implemented comprehensive safety and efficiency programs that reduced accidents by 60% while improving on time delivery performance. wayne's expertise in fleet management, driver training, and logistics optimization has established industry leading operational standards. his leadership of transportation teams and ability to adapt to changing regulatory requirements demonstrate exceptional operational leadership. wayne's combination of operational expertise, safety focus, and strategic thinking makes him perfectly suited for senior transportation executive positions."
56,Gloria,Watson,Operations Director,Jennifer Davis,j.davis@businesssolutions.com,"gloria watson was an exceptional administrative assistant whose organizational skills and professional demeanor consistently supported efficient office operations. her ability to manage multiple administrative tasks, coordinate meetings, and maintain accurate records was impressive. gloria demonstrated excellent communication skills and maintained positive relationships with clients and colleagues. she showed initiative in identifying process improvements and embraced new office technologies effectively. gloria's administrative expertise and natural leadership abilities positioned her well for advancement in office management and operations coordination roles."
56,Gloria,Watson,Chief Administrative Officer,Michael Rodriguez,m.rodriguez@administrativesolutions.com,"gloria watson is an outstanding operations coordinator whose administrative leadership and process expertise have significantly improved our organizational efficiency. she implemented comprehensive administrative systems that streamlined operations while improving service quality and client satisfaction. gloria's expertise in office management, process improvement, and staff coordination has established operational excellence standards. her leadership during office relocations and system implementations has been exemplary. gloria's combination of administrative expertise, operational thinking, and team leadership makes her perfectly suited for senior administrative executive positions."
57,Roy,Brooks,HVAC Director,Thomas Martinez,t.martinez@climatecontrolsolutions.com,"roy brooks was an exceptional hvac technician whose technical skills and reliability consistently ensured optimal climate control system performance. his understanding of hvac systems, troubleshooting methods, and maintenance procedures was comprehensive. roy maintained excellent customer satisfaction ratings while meeting challenging service schedules and emergency repair requirements. he demonstrated strong problem solving abilities and showed leadership potential in training apprentices. roy's technical expertise and customer service focus positioned him well for advancement in hvac management and service leadership roles."
57,Roy,Brooks,VP of Service Operations,Sandra Rodriguez,s.rodriguez@commercialhvacsolutions.com,"roy brooks is an outstanding hvac service manager whose technical leadership and business expertise have transformed our commercial hvac operations. he implemented comprehensive service programs that increased customer retention by 45% while improving system efficiency and reducing energy costs for clients. roy's expertise in commercial hvac systems, energy efficiency, and team management has established service excellence standards. his leadership of service teams and development of training programs demonstrate exceptional technical leadership. roy's combination of technical expertise, business acumen, and team leadership makes him perfectly suited for senior hvac executive positions."
58,Frances,Kelly,Library Director,Head Librarian Maria Santos,m.santos@publiclibrarysystem.org,"frances kelly was an exceptional librarian whose dedication to information services and community engagement consistently enhanced library programs and services. her knowledge of library science, information systems, and patron services was comprehensive. frances managed library collections while developing innovative programs that increased community participation and library usage. she demonstrated excellent research skills and ability to assist patrons"
1,John,Smith,Former Manager,Michael Rodriguez,m.rodriguez@techstartsolutions.com,"i had the pleasure of supervising john during his early career at techstart solutions. what struck me most was his exceptional learning capacity and genuine passion for coding. john consistently delivered clean, well documented code and showed remarkable problem solving skills for a junior developer. he proactively sought feedback, implemented suggestions quickly, and often stayed late to perfect his work. his transition from junior to mid level responsibilities happened naturally due to his technical competence and collaborative spirit. john's ability to break down complex problems and communicate solutions clearly made him invaluable to our team. i'm confident he has continued to excel in his career trajectory."
1,John,Smith,Senior Colleague,Elena Vasquez,e.vasquez@digitalinnovations.com,"working alongside john at digital innovations corp was an absolute pleasure. as a full stack developer, he demonstrated exceptional versatility across both frontend and backend technologies. john's expertise in react, node.js, and database optimization significantly improved our application performance by 40%. what sets him apart is his meticulous attention to code quality and his mentoring approach with junior developers. he introduced automated testing practices that became company standard and led three major project deliveries ahead of schedule. his technical leadership, combined with strong communication skills and collaborative mindset, makes him an invaluable asset to any development team."
1,John,Smith,Technical Lead,David Chen,d.chen@cloudtechsystems.com,"john smith is hands down one of the most technically proficient and reliable engineers i've worked with. during his tenure as senior software engineer at cloudtech systems, he single handedly architected our microservices migration, reducing system downtime by 60% and improving scalability. his deep understanding of cloud technologies, particularly aws and docker, combined with his ability to mentor junior developers, made him instrumental in our team's success. john's code reviews were thorough yet constructive, and his documentation standards elevated our entire development process. he consistently delivered complex features on time and maintained excellent relationships across all departments."
2,Sarah,Johnson,Direct Supervisor,Amanda Thompson,a.thompson@brandmaxagency.com,"sarah johnson was an exceptional marketing coordinator who quickly became one of our most reliable team members. her organizational skills and attention to detail were outstanding, particularly in campaign execution and event coordination. sarah managed multiple client accounts simultaneously while maintaining high quality deliverables and meeting tight deadlines. she showed great initiative in suggesting process improvements that increased our team efficiency by 25%. her positive attitude, professional communication, and ability to adapt to changing priorities made her a joy to work with. sarah's foundation in traditional marketing principles, combined with her eagerness to embrace digital trends, positioned her perfectly for career advancement."
2,Sarah,Johnson,Marketing Director,Carlos Rivera,c.rivera@growthmarketingco.com,"i cannot recommend sarah highly enough. as our digital marketing specialist, she transformed our social media presence and increased our lead generation by 180% within her first year. sarah's analytical mindset and creative approach to campaign development resulted in consistently high performing content across all platforms. she mastered google analytics, facebook ads manager, and marketing automation tools with remarkable speed. beyond her technical skills, sarah's strategic thinking and ability to translate complex data into actionable insights made her invaluable to our growth strategy. her collaborative leadership style and mentorship of junior marketers demonstrated her natural management potential."
3,Michael,Brown,Engineering Manager,Dr. Jennifer Liu,j.liu@google.com,"michael brown stands out as one of the most brilliant and dedicated engineers i've had the privilege to manage at google. his software engineering skills are exceptional, with deep expertise in distributed systems, algorithm optimization, and large scale data processing. michael consistently delivered high impact features for our search infrastructure while maintaining google's rigorous code quality standards. what impressed me most was his ability to solve complex technical challenges independently while effectively collaborating with cross functional teams. his technical leadership, innovative thinking, and commitment to excellence make him an invaluable asset to any organization pursuing cutting edge technology solutions."
3,Michael,Brown,Research Advisor,Dr. Andrew Ng,a.ng@stanford.edu,"during his time as research assistant at stanford ai lab, michael demonstrated exceptional research capabilities and contributed significantly to our machine learning projects. his work on neural network optimization algorithms resulted in two peer reviewed publications and practical improvements to our training efficiency. michael's ability to bridge theoretical concepts with practical implementations was remarkable. he independently managed complex experiments, analyzed large datasets, and presented findings to both technical and non technical audiences with clarity. his intellectual curiosity, rigorous methodology, and collaborative approach to research make him perfectly suited for advanced ai research roles."
4,Jennifer,Davis,Creative Director,Lisa Rodriguez,l.rodriguez@creativestudioplus.com,"jennifer davis is a remarkably talented designer whose creative vision and technical skills consistently exceeded expectations. her graphic design work demonstrated exceptional attention to detail, color theory, and typography. jennifer managed multiple client projects simultaneously while maintaining high creative standards and meeting all deadlines. she showed great initiative in proposing design solutions that not only met client requirements but often exceeded their expectations. her ability to incorporate client feedback constructively while maintaining design integrity was impressive. jennifer's positive attitude, professional communication, and willingness to mentor junior designers made her a valuable team player and natural leader."
4,Jennifer,Davis,UX Director,Mark Thompson,m.thompson@techflowdesign.com,"working with jennifer as a ux/ui designer at techflow design was exceptional. she brought both creative flair and analytical rigor to every project. jennifer's user research methodology and wireframing skills resulted in intuitive interfaces that consistently tested well with users. she increased user engagement by 45% across three major product launches through her thoughtful design decisions. her expertise in figma, sketch, and prototyping tools, combined with her understanding of frontend development constraints, made collaboration with engineering teams seamless. jennifer's strategic thinking about user experience and her ability to articulate design decisions to stakeholders demonstrate her readiness for senior design leadership roles."
5,Robert,Wilson,Senior Partner,William Anderson,w.anderson@managementsolutions.com,"robert wilson demonstrated exceptional analytical and problem solving capabilities during his time as business analyst with our firm. his ability to dissect complex business processes, identify inefficiencies, and propose practical solutions was remarkable for someone early in their career. robert consistently delivered comprehensive reports that provided clear, actionable insights to our clients. his attention to detail, strong communication skills, and professional demeanor made him a trusted advisor to both colleagues and clients. robert's work ethic and analytical mindset laid a strong foundation for his successful transition into project management roles."
5,Robert,Wilson,Department Head,Patricia Martinez,p.martinez@strategicconsulting.com,"robert wilson is an outstanding project manager whose leadership and organizational skills have been instrumental in our company's success. over the past several years, he has managed increasingly complex projects with budgets exceeding $2m, consistently delivering on time and under budget. robert's stakeholder management abilities are exceptional he communicates project status clearly, manages expectations effectively, and navigates challenging situations with diplomacy. his team leadership style inspires confidence and collaboration. robert's strategic thinking, risk management expertise, and ability to drive results while maintaining high team morale make him an ideal candidate for executive leadership positions."
6,Lisa,Anderson,Accounting Supervisor,Margaret Wilson,m.wilson@andersonassociates.com,"lisa anderson was an exemplary junior accountant who quickly distinguished herself through her meticulous attention to detail and strong analytical skills. her work on accounts reconciliation and financial reporting was consistently accurate and timely. lisa demonstrated a natural aptitude for identifying discrepancies and proposing corrective measures. she embraced new accounting software and procedures with enthusiasm and helped train other team members. her professional demeanor, reliability, and commitment to accuracy made her a valued team member. lisa's solid foundation in accounting principles and her proactive approach to learning positioned her well for advancement in financial roles."
6,Lisa,Anderson,Finance Director,Robert Kim,r.kim@corporatefinancesolutions.com,"lisa anderson is an exceptional finance professional whose analytical skills and strategic thinking have significantly impacted our organization. as finance manager, she implemented cost analysis procedures that identified $1.2m in annual savings and streamlined our budgeting process. lisa's expertise in financial modeling, variance analysis, and management reporting provides crucial insights for executive decision making. her ability to communicate complex financial concepts to non financial stakeholders is outstanding. lisa's leadership of the finance team, combined with her ethical standards and attention to regulatory compliance, makes her an invaluable asset and a natural candidate for senior finance leadership roles."
7,David,Martinez,IT Manager,Steven Johnson,s.johnson@techsupportpro.com,david martinez was an outstanding it support specialist whose technical competence and customer service skills were exceptional. he consistently resolved complex technical issues efficiently while maintaining positive relationships with end users. david's ability to explain technical concepts in understandable terms made him our go to person for user training and system implementations. his proactive approach to preventive maintenance and system optimization significantly reduced our help desk tickets. david's dedication to continuous learning and his pursuit of additional certifications demonstrated his commitment to professional growth. his combination of technical expertise and interpersonal skills made him an invaluable team member.
7,David,Martinez,Cloud Architecture Lead,Maria Santos,m.santos@cloudopssystems.com,"david martinez is an exceptional devops engineer whose expertise in cloud technologies and automation has transformed our infrastructure operations. his implementation of ci/cd pipelines reduced our deployment time by 70% while significantly improving system reliability. david's deep knowledge of aws services, docker, kubernetes, and infrastructure as code has been instrumental in our digital transformation. his ability to troubleshoot complex distributed systems and optimize performance under pressure is remarkable. david's collaborative approach to cross team projects and his mentorship of junior engineers demonstrate strong leadership potential. his technical excellence and strategic thinking make him an invaluable asset."
8,Emma,Taylor,Technical Lead,Dr. Sarah Chen,s.chen@startuptech.com,"emma taylor impressed me with her rapid technical growth and adaptability during her time as a software developer. she mastered multiple programming languages and frameworks quickly, contributing to both frontend and backend development projects. emma's problem solving approach was methodical and creative, often finding elegant solutions to complex challenges. her code quality and documentation standards were exemplary. what set emma apart was her natural curiosity about business processes and user needs, which foreshadowed her successful transition into business analysis and product management. her combination of technical depth and business acumen makes her a rare and valuable professional."
8,Emma,Taylor,CEO,Michael Davis,m.davis@innovationproducts.com,"emma taylor is an exceptional product manager whose strategic vision and execution capabilities have driven significant product success. since joining as product manager, she has launched three major features that increased user engagement by 85% and revenue by $2.3m annually. emma's ability to balance technical feasibility with market demands is outstanding. her user research methodology, data driven decision making, and cross functional leadership skills have earned respect from engineering, design, and sales teams alike. emma's strategic thinking, combined with her technical background and strong communication skills, positions her perfectly for senior product leadership roles."
9,Christopher,Moore,Security Director,Daniel Rodriguez,d.rodriguez@securenetsolutions.com,"christopher moore demonstrated exceptional technical aptitude and attention to detail as an it security specialist. his understanding of network security protocols, vulnerability assessment, and incident response was comprehensive for someone early in their security career. christopher consistently identified potential security risks and implemented effective countermeasures. his documentation of security procedures and user training programs significantly improved our overall security posture. christopher's analytical mindset, continuous learning approach, and commitment to staying current with emerging threats made him a valued team member and positioned him well for advancement in cybersecurity roles."
9,Christopher,Moore,Chief Information Security Officer,Alexandra Thompson,a.thompson@cyberguardenterprise.com,"christopher moore is hands down one of the most knowledgeable and effective cybersecurity professionals i've worked with. as senior security consultant, he has designed and implemented comprehensive security frameworks for enterprise clients, consistently exceeding expectations. christopher's expertise spans threat intelligence, penetration testing, security architecture, and regulatory compliance. his incident response leadership during several critical security events was exemplary calm, methodical, and effective. christopher's ability to communicate complex security concepts to c level executives and his strategic approach to risk management make him an invaluable security leader."
10,Amanda,Garcia,Sales Director,Jennifer Martinez,j.martinez@businesssolutions.com,"amanda garcia was an exceptional sales representative whose natural talent for building relationships and closing deals was evident from day one. she consistently exceeded her quotas by 25 40% and demonstrated remarkable ability to understand client needs and present appropriate solutions. amanda's follow up and account management skills resulted in high client satisfaction and repeat business. her positive attitude, professional presentation, and collaborative approach made her popular with both clients and colleagues. amanda's success in sales, combined with her strategic thinking about market opportunities, clearly indicated her potential for sales leadership roles."
10,Amanda,Garcia,Vice President of Sales,Robert Thompson,r.thompson@enterprisesales.com,"amanda garcia is an outstanding sales leader whose strategic vision and team management skills have driven exceptional results. as sales manager, she built and led a high performing team that achieved 145% of annual targets while maintaining industry leading client retention rates. amanda's expertise in complex b2b sales, contract negotiation, and relationship management has secured several million dollar accounts. her coaching and mentorship of sales representatives has developed multiple top performers. amanda's data driven approach to sales strategy, combined with her natural leadership abilities and client focused mindset, makes her an ideal candidate for executive sales leadership positions."
11,Ryan,Thompson,Lead Developer,Carlos Martinez,c.martinez@appdevstudios.com,"ryan thompson was an exceptional mobile app developer whose technical skills and creative problem solving consistently impressed our team. his ios development expertise, particularly in swift and ui/ux implementation, resulted in several apps receiving excellent user ratings and app store recognition. ryan's attention to code quality, performance optimization, and user experience details set him apart. he collaborated effectively with designers and backend developers, often suggesting improvements that enhanced overall product quality. ryan's dedication to staying current with latest ios technologies and his mentorship of junior developers demonstrated his commitment to professional growth and team success."
11,Ryan,Thompson,Engineering Director,Lisa Rodriguez,l.rodriguez@techmobilesolutions.com,"ryan thompson is an outstanding senior mobile developer whose technical leadership and innovative approach have significantly advanced our mobile development capabilities. his expertise across ios, android, and cross platform frameworks has enabled us to deliver high quality mobile solutions efficiently. ryan's architecture decisions for our flagship mobile app resulted in 50% improved performance and 90% crash reduction. his leadership of mobile development best practices, code review processes, and technical mentoring has elevated our entire mobile team. ryan's combination of deep technical expertise, strategic thinking, and collaborative leadership makes him exceptionally well suited for senior technical leadership roles."
12,Ashley,White,HR Director,Linda Johnson,l.johnson@peoplesolutions.com,ashley white was an outstanding hr coordinator whose organizational skills and interpersonal abilities made her invaluable to our human resources team. she managed employee onboarding processes efficiently while ensuring new hires felt welcomed and supported. ashley's attention to detail in maintaining employee records and coordinating benefits administration was exemplary. her natural empathy and professional communication skills made her the go to person for employee questions and concerns. ashley's proactive approach to improving hr processes and her enthusiasm for learning employment law and best practices clearly indicated her potential for advancement in human resources leadership.
12,Ashley,White,Chief Human Resources Officer,Michael Davis,m.davis@strategichrsolutions.com,"ashley white is an exceptional hr manager whose strategic vision and people focused approach have transformed our human resources function. she implemented comprehensive talent management programs that reduced turnover by 35% and improved employee satisfaction scores significantly. ashley's expertise in employment law, performance management, and organizational development has guided us through complex hr challenges successfully. her leadership during our company restructuring was outstanding she managed communications sensitively while ensuring legal compliance. ashley's combination of strategic thinking, emotional intelligence, and operational excellence makes her perfectly suited for senior hr executive roles."
13,Kevin,Clark,Analytics Director,Dr. Jennifer Liu,j.liu@datainsightscorp.com,"kevin clark demonstrated exceptional analytical capabilities and technical acumen as our business intelligence analyst. his ability to transform complex datasets into meaningful insights consistently impressed stakeholders across the organization. kevin's sql skills, statistical analysis expertise, and visualization techniques using tableau resulted in reports that directly influenced strategic decision making. he identified cost saving opportunities worth over $800k annually through his analytical work. kevin's attention to detail, proactive communication of findings, and ability to explain complex concepts to non technical audiences made him an invaluable asset to our data analytics initiative."
13,Kevin,Clark,Chief Data Officer,Maria Santos,m.santos@businessintelligencepro.com,"kevin clark is an outstanding data analytics manager whose strategic vision and technical leadership have revolutionized our business intelligence capabilities. he built our analytics infrastructure from the ground up, implementing advanced reporting systems that provide real time insights to executive leadership. kevin's expertise in machine learning, predictive analytics, and data visualization has enabled data driven decision making across all departments. his team leadership and mentorship of junior analysts has created a high performing analytics organization. kevin's combination of deep technical knowledge, business acumen, and leadership skills positions him perfectly for senior data leadership roles."
14,Michelle,Lewis,Communications Director,Robert Martinez,r.martinez@pragencyplus.com,"michelle lewis was an exceptional communications specialist whose writing skills and strategic thinking consistently elevated our public relations efforts. her press releases, marketing materials, and internal communications were consistently well crafted and effective. michelle's ability to adapt messaging for different audiences while maintaining brand consistency was impressive. she managed multiple client accounts successfully, always meeting deadlines while maintaining high quality standards. michelle's collaborative approach with creative teams and her proactive suggestions for campaign improvements demonstrated her strategic mindset. her foundation in communications principles and enthusiasm for digital marketing trends positioned her well for career advancement."
14,Michelle,Lewis,VP of Marketing,Sandra Thompson,s.thompson@brandstrategygroup.com,"michelle lewis is an outstanding marketing communications manager whose strategic leadership and creative excellence have significantly enhanced our brand presence. she developed integrated marketing campaigns that increased brand awareness by 120% and generated substantial lead growth. michelle's expertise spans content strategy, digital marketing, public relations, and brand management. her ability to coordinate complex multi channel campaigns while managing team resources effectively is exceptional. michelle's data driven approach to measuring campaign effectiveness and her innovative thinking about emerging marketing trends make her an invaluable marketing leader and ideal candidate for senior marketing executive roles."
15,Daniel,Walker,QA Manager,Thomas Rodriguez,t.rodriguez@softwaretestingcorp.com,daniel walker was an exceptional qa tester whose attention to detail and systematic approach to testing significantly improved our software quality. his ability to identify edge cases and document bugs comprehensively made him invaluable to our development team. daniel's understanding of testing methodologies and his proactive suggestions for process improvements enhanced our overall qa procedures. he demonstrated strong analytical skills and maintained excellent relationships with developers while advocating for quality standards. daniel's commitment to continuous learning and his pursuit of automation testing skills clearly indicated his potential for advancement in quality assurance leadership.
15,Daniel,Walker,Head of Quality Engineering,Jennifer Davis,j.davis@testingsolutions.com,"daniel walker is an outstanding senior qa engineer whose technical expertise and leadership have transformed our quality assurance processes. his implementation of automated testing frameworks reduced testing time by 60% while significantly improving test coverage and reliability. daniel's deep understanding of testing tools, ci/cd integration, and performance testing has established industry leading quality standards. his mentorship of junior qa engineers and collaboration with development teams has created a culture of quality throughout the organization. daniel's combination of technical mastery, process innovation, and team leadership makes him exceptionally well suited for senior quality engineering leadership roles."
16,Nicole,Hall,Operations Director,Patricia Wilson,p.wilson@supplychainsolutions.com,"nicole hall was an outstanding operations coordinator whose organizational skills and process oriented thinking significantly improved our operational efficiency. she managed complex logistics coordination while maintaining accuracy in inventory tracking and vendor communications. nicole's ability to identify bottlenecks and propose practical solutions resulted in measurable improvements to our supply chain operations. her attention to detail, proactive communication, and collaborative approach with cross functional teams made her invaluable. nicole's analytical mindset and enthusiasm for process optimization clearly positioned her for advancement in operations management roles."
16,Nicole,Hall,Chief Operations Officer,Michael Rodriguez,m.rodriguez@supplychainmanagement.com,"nicole hall is an exceptional operations manager whose strategic vision and operational excellence have driven significant improvements across our organization. she implemented lean processes that reduced operational costs by 22% while improving service quality and delivery times. nicole's expertise in supply chain optimization, vendor management, and process improvement has established best practices across multiple departments. her leadership during our facility expansion and system integration projects was outstanding. nicole's combination of analytical thinking, project management skills, and team leadership capabilities make her perfectly suited for senior operations executive positions."
17,Brian,Young,Network Director,Steven Martinez,s.martinez@itnetworkscorp.com,"brian young was an exceptional network technician whose technical competence and problem solving abilities consistently impressed our team. his understanding of network infrastructure, troubleshooting methodology, and equipment configuration was comprehensive for someone early in their networking career. brian's documentation of network procedures and his proactive approach to preventive maintenance significantly improved our network reliability. he collaborated effectively with senior engineers while demonstrating strong independent work capabilities. brian's commitment to obtaining networking certifications and staying current with emerging technologies clearly indicated his dedication to professional growth in network engineering."
17,Brian,Young,Chief Technology Officer,Maria Santos,m.santos@enterprisenetworks.com,"brian young is an outstanding senior network engineer whose technical expertise and strategic vision have been instrumental in our network infrastructure success. his design and implementation of our enterprise network architecture supports over 2,000 users with 99.9% uptime. brian's expertise in routing protocols, network security, and performance optimization has established industry leading network standards. his leadership of major infrastructure upgrades and his mentorship of junior engineers demonstrate exceptional technical leadership. brian's combination of deep technical knowledge, project management skills, and strategic thinking positions him perfectly for senior technology leadership roles."
18,Stephanie,King,Creative Director,Amanda Rodriguez,a.rodriguez@designstudiopro.com,"stephanie king was an exceptionally talented graphic designer whose creative vision and technical skills consistently produced outstanding work. her designs demonstrated excellent understanding of color theory, typography, and composition principles. stephanie managed multiple client projects simultaneously while maintaining high creative standards and meeting all deadlines. she showed remarkable ability to interpret client briefs and translate concepts into compelling visual solutions. stephanie's positive attitude, professional communication, and willingness to incorporate feedback constructively made her a pleasure to work with. her portfolio demonstrated consistent growth and versatility across various design disciplines."
18,Stephanie,King,VP of Creative Services,Michael Thompson,m.thompson@branddesignagency.com,"stephanie king is an outstanding art director whose creative leadership and strategic vision have elevated our agency's creative output significantly. she leads a team of designers and has overseen creative campaigns that won multiple industry awards and drove substantial client growth. stephanie's expertise spans brand identity, digital design, and integrated marketing communications. her ability to balance creative excellence with client objectives and project timelines is exceptional. stephanie's mentorship of junior designers and her innovative approach to creative problem solving make her an invaluable creative leader and ideal candidate for senior creative executive positions."
19,Anthony,Wright,Database Director,Robert Johnson,r.johnson@datasystemscorp.com,"anthony wright was an exceptional database administrator whose technical expertise and attention to detail ensured optimal database performance and reliability. his understanding of database architecture, backup procedures, and performance tuning was comprehensive. anthony consistently maintained 99.9% database uptime while managing increasingly complex data environments. his documentation of database procedures and proactive monitoring systems significantly improved our data management capabilities. anthony's analytical approach to problem solving and his commitment to staying current with database technologies positioned him well for advancement in database architecture and leadership roles."
19,Anthony,Wright,Chief Data Officer,Lisa Martinez,l.martinez@datainfrastructurepro.com,"anthony wright is an outstanding database architect whose technical excellence and strategic vision have transformed our data infrastructure capabilities. his design and implementation of our enterprise data architecture supports mission critical applications with exceptional performance and reliability. anthony's expertise in database optimization, disaster recovery, and data security has established industry leading standards. his leadership of complex database migration projects and his mentorship of junior dbas demonstrate exceptional technical leadership. anthony's combination of deep technical knowledge, strategic thinking, and project management skills makes him perfectly suited for senior data architecture and technology leadership roles."
20,Rachel,Lopez,Customer Success Director,Jennifer Wilson,j.wilson@saassolutions.com,"rachel lopez was an outstanding customer success coordinator whose dedication to client satisfaction and problem solving abilities made her invaluable to our team. she managed client onboarding processes efficiently while ensuring smooth transitions and positive initial experiences. rachel's ability to understand client needs, communicate effectively, and coordinate internal resources to resolve issues was exceptional. her proactive approach to identifying potential client concerns and her development of customer success processes significantly improved client retention rates. rachel's combination of interpersonal skills, analytical thinking, and client focused mindset clearly positioned her for advancement in customer success leadership."
20,Rachel,Lopez,VP of Customer Experience,David Rodriguez,d.rodriguez@crmtechnologies.com,"rachel lopez is an exceptional customer success manager whose strategic approach to client relationship management has driven outstanding results. she increased client retention rates by 45% and expanded account values through her consultative approach to customer success. rachel's expertise in crm systems, data analysis, and customer journey optimization has established best practices across our organization. her leadership in developing customer success methodologies and training programs has elevated our entire customer facing team. rachel's combination of analytical skills, relationship management expertise, and strategic thinking makes her perfectly suited for senior customer experience leadership roles."
21,Matthew,Hill,Documentation Director,Patricia Martinez,p.martinez@documentationsolutions.com,"matthew hill was an exceptional technical writer whose clarity of communication and attention to detail consistently produced outstanding documentation. his ability to understand complex technical concepts and translate them into clear, user friendly documentation was remarkable. matthew's work on api documentation, user guides, and internal procedures significantly improved our knowledge management capabilities. he collaborated effectively with engineering teams while maintaining focus on end user needs. matthew's proactive approach to identifying documentation gaps and his expertise with documentation tools positioned him well for advancement in technical communication and documentation leadership roles."
21,Matthew,Hill,VP of Technical Communications,Sandra Davis,s.davis@apidocumentationpro.com,"matthew hill is an outstanding documentation manager whose strategic vision and leadership have transformed our technical communication capabilities. he built comprehensive documentation systems that improved user adoption by 70% and significantly reduced support ticket volume. matthew's expertise in information architecture, content strategy, and documentation toolchains has established industry leading standards. his leadership of technical writing teams and collaboration with product development has created integrated documentation workflows. matthew's combination of technical writing excellence, strategic thinking, and team leadership makes him exceptionally well suited for senior technical communication executive roles."
22,Lauren,Green,Supply Chain Director,Michael Wilson,m.wilson@logisticssolutions.com,lauren green was an outstanding supply chain coordinator whose analytical skills and attention to detail significantly improved our logistics operations. she managed complex vendor relationships while maintaining accuracy in inventory tracking and procurement processes. lauren's ability to identify process inefficiencies and propose cost effective solutions resulted in measurable improvements to our supply chain performance. her collaborative approach with cross functional teams and proactive communication with suppliers made her invaluable. lauren's analytical mindset and strategic thinking about supply chain optimization clearly positioned her for advancement in supply chain management leadership roles.
22,Lauren,Green,Chief Supply Chain Officer,Jennifer Rodriguez,j.rodriguez@globalsupplysolutions.com,"lauren green is an exceptional supply chain manager whose strategic leadership and operational excellence have driven significant improvements across our global supply chain. she implemented advanced forecasting and inventory optimization systems that reduced costs by 18% while improving service levels. lauren's expertise in supplier relationship management, risk mitigation, and process improvement has established best practices across multiple regions. her leadership during supply chain disruptions and crisis management has been outstanding. lauren's combination of analytical thinking, strategic vision, and operational expertise makes her perfectly suited for senior supply chain executive positions."
23,Jason,Adams,Cloud Architecture Director,Thomas Rodriguez,t.rodriguez@awssolutions.com,"jason adams was an exceptional cloud engineer whose technical competence and innovative thinking consistently impressed our team. his understanding of aws services, infrastructure automation, and cloud security best practices was comprehensive. jason's implementation of cloud solutions resulted in significant cost savings and improved system reliability. he collaborated effectively with development teams while maintaining focus on scalability and performance optimization. jason's commitment to cloud certifications and staying current with emerging technologies demonstrated his dedication to professional growth. his combination of technical expertise and strategic thinking positioned him well for advancement in cloud architecture leadership."
23,Jason,Adams,Chief Technology Officer,Maria Santos,m.santos@enterprisecloudsolutions.com,"jason adams is an outstanding principal cloud architect whose technical excellence and visionary leadership have revolutionized our cloud infrastructure capabilities. his design and implementation of our multi cloud strategy has achieved 99.99% uptime while reducing infrastructure costs by 35%. jason's expertise in cloud native architectures, devops practices, and enterprise security has established industry leading standards. his leadership of complex cloud migrations and his mentorship of engineering teams demonstrate exceptional technical leadership. jason's combination of deep technical knowledge, strategic vision, and innovation makes him perfectly suited for senior technology executive roles."
24,Crystal,Baker,Events Director,Amanda Martinez,a.martinez@eventplanningpro.com,"crystal baker was an exceptional event coordinator whose organizational skills and attention to detail consistently produced flawless events. she managed complex logistics for corporate events, conferences, and client celebrations while maintaining strict budget controls and timeline adherence. crystal's ability to coordinate multiple vendors, manage client expectations, and handle last minute changes with grace was impressive. her positive attitude and professional demeanor made her popular with both clients and colleagues. crystal's creative problem solving and proactive planning approach clearly positioned her for advancement in event management leadership roles."
24,Crystal,Baker,VP of Event Operations,Robert Thompson,r.thompson@premierevents.com,"crystal baker is an outstanding event operations manager whose strategic leadership and operational excellence have elevated our event management capabilities significantly. she manages large scale events with budgets exceeding $500k while consistently exceeding client expectations. crystal's expertise in vendor management, risk mitigation, and event technology has established innovative approaches to event delivery. her leadership during challenging events and crisis management situations has been exemplary. crystal's combination of creative vision, operational expertise, and team leadership makes her exceptionally well suited for senior event management executive positions."
25,Tyler,Gonzalez,Marketing Director,Jennifer Davis,j.davis@socialmediacorp.com,"tyler gonzalez was an exceptional digital marketing specialist whose creativity and analytical approach consistently delivered outstanding results. his social media campaigns generated significant engagement increases and brand awareness growth across all platforms. tyler's understanding of digital marketing tools, content creation, and audience analytics was impressive for someone relatively early in their marketing career. he demonstrated natural ability to identify trending topics and create compelling content that resonated with target audiences. tyler's collaborative approach and strategic thinking about digital marketing trends clearly positioned him for advancement in social media and digital marketing leadership."
25,Tyler,Gonzalez,VP of Digital Marketing,Sandra Rodriguez,s.rodriguez@digitalmarketingsolutions.com,"tyler gonzalez is an outstanding social media manager whose innovative strategies and data driven approach have transformed our digital marketing presence. he increased social media engagement by 300% and generated over $1.2m in attributable revenue through his campaigns. tyler's expertise in social media advertising, influencer partnerships, and content strategy has established best practices across our marketing organization. his leadership in developing our social media team and training programs has created a high performing digital marketing function. tyler's combination of creative excellence, analytical thinking, and strategic leadership makes him perfectly suited for senior digital marketing executive roles."
26,Samantha,Nelson,Research Director,Dr. Robert Chen,r.chen@materialsresearchlab.com,"dr. samantha nelson demonstrated exceptional research capabilities and scientific rigor during her tenure as research scientist. her work on advanced materials characterization contributed significantly to our understanding of nanocomposite properties and resulted in three peer reviewed publications in top tier journals. samantha's experimental design methodology, data analysis skills, and ability to draw meaningful conclusions from complex datasets were outstanding. she managed multiple research projects independently while collaborating effectively with interdisciplinary teams. samantha's intellectual curiosity, scientific integrity, and innovative approach to materials research positioned her perfectly for advancement in research leadership roles."
26,Samantha,Nelson,Chief Scientific Officer,Dr. Maria Lopez,m.lopez@innovationmaterials.com,"dr. samantha nelson is an exceptional principal research scientist whose scientific leadership and innovative research have established our organization as an industry leader. her breakthrough work in sustainable materials has resulted in twelve patents and multiple licensing agreements generating significant revenue. samantha's expertise in materials science, project management, and technology transfer has driven successful collaboration with industry partners. her mentorship of junior researchers and leadership of cross functional randd teams demonstrate outstanding scientific leadership. samantha's combination of scientific excellence, innovation, and strategic vision makes her perfectly suited for senior scientific executive positions."
27,Jordan,Carter,Education Director,Principal Susan Martinez,s.martinez@elementaryschool.edu,"jordan carter was an exceptional teacher whose dedication to student success and innovative teaching methods consistently produced outstanding results. jordan's classroom management skills, curriculum development abilities, and student engagement techniques resulted in above average academic performance across all grade levels. students, parents, and colleagues consistently praised jordan's patience, creativity, and commitment to individualized learning approaches. jordan's collaborative work with other teachers and proactive participation in professional development activities demonstrated strong leadership potential. the transition to instructional design was a natural progression given jordan's talent for creating effective learning experiences."
27,Jordan,Carter,CEO,Dr. Patricia Wilson,p.wilson@learningsolutions.com,"jordan carter is an outstanding education director whose visionary leadership and innovative approach to learning have transformed our educational programs. jordan developed comprehensive curriculum frameworks that improved student outcomes by 40% while increasing program completion rates significantly. jordan's expertise in educational technology, adult learning principles, and instructional design has established industry leading training programs. the leadership during our digital transformation initiative and management of diverse educational teams has been exemplary. jordan's combination of educational expertise, strategic thinking, and inspirational leadership makes them perfectly suited for senior educational executive positions."
28,Victoria,Mitchell,Managing Partner,Attorney Sarah Rodriguez,s.rodriguez@lawfirmassociates.com,"victoria mitchell was an exceptional legal assistant whose attention to detail, research skills, and professional demeanor made her invaluable to our legal team. her ability to organize case files, conduct legal research, and draft correspondence consistently met the highest professional standards. victoria's understanding of legal procedures, court requirements, and client confidentiality was comprehensive. she managed multiple cases simultaneously while maintaining accuracy and meeting all deadlines. victoria's dedication to continuous learning and pursuit of legal education clearly indicated her potential for advancement in the legal profession."
28,Victoria,Mitchell,General Counsel,Robert Thompson,r.thompson@legalsolutionscorp.com,"victoria mitchell is an outstanding senior attorney whose legal expertise and strategic thinking have provided exceptional value to our organization. her specialization in intellectual property law has protected our company's innovations while facilitating successful licensing agreements worth millions in revenue. victoria's litigation management, contract negotiation, and regulatory compliance expertise has guided us through complex legal challenges successfully. her leadership in developing our legal department and mentorship of junior attorneys demonstrate excellent management capabilities. victoria's combination of legal excellence, business acumen, and leadership skills makes her perfectly suited for senior legal executive positions."
29,Gregory,Perez,Logistics Director,Michael Martinez,m.martinez@freightsolutions.com,"gregory perez was an outstanding logistics coordinator whose analytical skills and attention to detail significantly improved our freight operations efficiency. he managed complex shipping schedules while optimizing routes and reducing transportation costs. gregory's ability to coordinate with multiple carriers, track shipments accurately, and resolve delivery issues promptly made him invaluable to our operations team. his proactive communication with clients and collaborative approach with warehouse staff resulted in improved customer satisfaction. gregory's understanding of logistics principles and strategic thinking about supply chain optimization positioned him well for advancement in logistics management."
29,Gregory,Perez,VP of Global Logistics,Jennifer Davis,j.davis@globalfreightcorp.com,"gregory perez is an exceptional logistics manager whose strategic leadership and operational excellence have transformed our global freight operations. he implemented advanced logistics systems that reduced shipping costs by 25% while improving delivery performance significantly. gregory's expertise in international shipping regulations, customs procedures, and carrier management has established best practices across our logistics network. his leadership during supply chain disruptions and crisis management has been outstanding. gregory's combination of analytical thinking, operational expertise, and strategic vision makes him perfectly suited for senior logistics executive positions."
30,Melissa,Roberts,Design Director,Patricia Martinez,p.martinez@designstudioplus.com,"melissa roberts was an exceptional interior designer whose creative vision and technical expertise consistently delivered outstanding results for our clients. her ability to understand client needs, develop innovative design concepts, and manage project timelines was impressive. melissa's knowledge of space planning, color theory, and materials selection resulted in beautiful, functional spaces that exceeded client expectations. she managed multiple residential and commercial projects simultaneously while maintaining high design standards and budget controls. melissa's professional communication skills and collaborative approach with contractors and vendors made her a valuable team member and positioned her well for design leadership roles."
30,Melissa,Roberts,VP of Sustainable Design,Robert Thompson,r.thompson@greenbuildingdesign.com,"melissa roberts is an outstanding design manager whose innovative approach to sustainable design has established our firm as an industry leader in green building practices. her expertise in leed certification, sustainable materials, and energy efficient design has resulted in multiple award winning projects and significant cost savings for clients. melissa's leadership of our design team and development of sustainable design standards has transformed our practice. her client relationship management and project oversight of multi million dollar developments demonstrate exceptional leadership capabilities. melissa's combination of creative excellence, environmental consciousness, and strategic thinking makes her perfectly suited for senior design executive positions."
31,Stephen,Turner,Engineering Director,Dr. Michael Rodriguez,m.rodriguez@engineeringsolutions.com,"stephen turner was an exceptional mechanical engineer whose technical competence and problem solving abilities consistently impressed our engineering team. his understanding of mechanical systems, cad design, and manufacturing processes was comprehensive. stephen's design work on complex mechanical assemblies resulted in improved product performance and manufacturing efficiency. he collaborated effectively with cross functional teams while maintaining focus on engineering excellence and safety standards. stephen's commitment to professional development and pursuit of advanced engineering concepts positioned him well for advancement in product development and engineering leadership roles."
31,Stephen,Turner,Chief Engineering Officer,Jennifer Davis,j.davis@advancedproductscorp.com,"stephen turner is an outstanding senior design engineer whose technical leadership and innovative approach have driven significant product development success. his design leadership for our flagship product line resulted in three patents and 40% performance improvement over previous generations. stephen's expertise in advanced materials, finite element analysis, and design optimization has established engineering excellence standards. his mentorship of junior engineers and leadership of cross functional product development teams demonstrate exceptional technical leadership. stephen's combination of deep technical knowledge, innovation, and strategic thinking makes him perfectly suited for senior engineering executive positions."
32,Angela,Phillips,Communications Director,Sandra Martinez,s.martinez@publicrelationsagency.com,"angela phillips was an exceptional pr coordinator whose writing skills and strategic thinking consistently elevated our public relations efforts. her press releases, media kits, and client communications were well crafted and effective in achieving media coverage goals. angela managed multiple client accounts while maintaining high quality standards and meeting tight deadlines consistently. she demonstrated natural ability to understand client messaging needs and translate them into compelling public relations campaigns. angela's collaborative approach with media contacts and proactive suggestions for campaign improvements clearly positioned her for advancement in communications leadership."
32,Angela,Phillips,Chief Communications Officer,Michael Wilson,m.wilson@strategicprsolutions.com,"angela phillips is an outstanding director of communications whose strategic leadership and media expertise have significantly enhanced our clients' public profiles. she developed integrated communications strategies that increased media coverage by 200% and managed crisis communications for several high profile situations with exceptional results. angela's expertise in media relations, digital communications, and reputation management has established best practices across our agency. her leadership of communications teams and client relationship management demonstrate outstanding executive capabilities. angela's combination of strategic thinking, media savvy, and leadership skills makes her perfectly suited for senior communications executive positions."
33,Eric,Campbell,Creative Director,Amanda Rodriguez,a.rodriguez@mediaproductioncorp.com,"eric campbell was an exceptional video editor whose technical skills and creative vision consistently produced outstanding video content. his expertise in post production software, color correction, and audio mixing resulted in professional quality videos that exceeded client expectations. eric managed multiple projects simultaneously while maintaining high creative standards and meeting all deadlines. he demonstrated strong collaborative skills working with directors, producers, and clients throughout the production process. eric's attention to detail, creative problem solving, and understanding of visual storytelling positioned him well for advancement in video production and creative leadership roles."
33,Eric,Campbell,VP of Creative Production,Jennifer Martinez,j.martinez@filmproductionpro.com,"eric campbell is an outstanding creative director whose visionary leadership and technical expertise have transformed our production capabilities. he has overseen creative direction for award winning campaigns and established innovative production workflows that improved efficiency by 50%. eric's expertise in motion graphics, visual effects, and creative strategy has elevated our creative output significantly. his leadership of creative teams and mentorship of junior artists has created a collaborative, high performing creative department. eric's combination of technical mastery, creative vision, and strategic leadership makes him perfectly suited for senior creative executive positions."
34,Sharon,Parker,Finance Director,Robert Johnson,r.johnson@accountingsolutions.com,"sharon parker was an exceptional staff accountant whose attention to detail and analytical skills consistently ensured accurate financial reporting. her work on accounts payable, receivable, and month end closing procedures was meticulous and timely. sharon demonstrated strong understanding of accounting principles and showed initiative in identifying process improvements. she collaborated effectively with other departments while maintaining strict adherence to accounting standards and deadlines. sharon's professional demeanor, reliability, and commitment to continuous learning positioned her well for advancement in accounting and finance leadership roles."
34,Sharon,Parker,Chief Financial Officer,Maria Santos,m.santos@cpaservicespro.com,"sharon parker is an outstanding accounting manager whose financial expertise and leadership have significantly strengthened our firm's capabilities. she implemented comprehensive financial controls that improved accuracy and efficiency while ensuring regulatory compliance. sharon's expertise in tax preparation, financial analysis, and client advisory services has expanded our service offerings and client base. her leadership of accounting staff and development of training programs has created a high performing accounting team. sharon's combination of technical accounting knowledge, business acumen, and management skills makes her perfectly suited for senior finance executive positions."
35,Nathan,Evans,Clinical Director,Dr. Patricia Wilson,p.wilson@rehabilitationcenter.com,"nathan evans was an exceptional physical therapist whose clinical expertise and patient centered approach consistently achieved outstanding treatment outcomes. his assessment skills, treatment planning, and therapeutic interventions resulted in above average patient recovery rates and satisfaction scores. nathan's ability to explain complex treatment concepts to patients and families in understandable terms was remarkable. he collaborated effectively with interdisciplinary teams while maintaining focus on evidence based practice. nathan's commitment to continuing education and pursuit of specialized certifications demonstrated his dedication to clinical excellence and positioned him well for advancement in healthcare leadership."
35,Nathan,Evans,VP of Clinical Services,Dr. Michael Rodriguez,m.rodriguez@physicaltherapysolutions.com,"nathan evans is an outstanding clinic director whose clinical leadership and operational excellence have transformed our physical therapy practice. he increased patient satisfaction scores to 98% while improving treatment outcomes across all therapy programs. nathan's expertise in clinical protocols, staff development, and quality assurance has established best practices across multiple clinic locations. his leadership during our practice expansion and implementation of new therapy technologies has been exemplary. nathan's combination of clinical expertise, operational management, and inspirational leadership makes him perfectly suited for senior healthcare executive positions."
36,Deborah,Edwards,Insurance Director,Jennifer Martinez,j.martinez@insurancesolutions.com,"deborah edwards was an exceptional insurance underwriter whose analytical skills and risk assessment expertise consistently produced sound underwriting decisions. her understanding of insurance principles, policy analysis, and risk evaluation was comprehensive. deborah's underwriting portfolio maintained excellent loss ratios while supporting business growth objectives. she demonstrated strong attention to detail in reviewing applications and excellent communication skills in working with agents and clients. deborah's commitment to professional development and understanding of emerging insurance trends positioned her well for advancement in underwriting management and insurance leadership."
36,Deborah,Edwards,Chief Underwriting Officer,Robert Thompson,r.thompson@commercialinsurancepro.com,"deborah edwards is an outstanding underwriting manager whose strategic leadership and risk management expertise have driven exceptional results for our organization. she built comprehensive underwriting guidelines that improved profitability by 30% while maintaining competitive market positioning. deborah's expertise in commercial insurance, risk analytics, and regulatory compliance has established industry leading underwriting standards. her leadership of underwriting teams and development of training programs has created a high performing underwriting organization. deborah's combination of technical expertise, analytical thinking, and strategic leadership makes her perfectly suited for senior insurance executive positions."
37,Carlos,Collins,Environmental Director,Dr. Sandra Davis,s.davis@engineeringconsultants.com,"carlos collins was an exceptional environmental engineer whose technical expertise and commitment to environmental protection consistently delivered outstanding project results. his understanding of environmental regulations, remediation technologies, and impact assessment was comprehensive. carlos managed complex environmental projects while ensuring regulatory compliance and client satisfaction. he demonstrated strong problem solving skills and ability to develop innovative solutions for challenging environmental issues. carlos's collaborative approach with regulatory agencies and commitment to sustainable practices positioned him well for advancement in environmental engineering leadership."
37,Carlos,Collins,Chief Sustainability Officer,Dr. Maria Lopez,m.lopez@sustainabilitysolutions.com,"carlos collins is an outstanding environmental engineering manager whose visionary leadership and technical expertise have established our organization as a leader in sustainable engineering solutions. he developed comprehensive sustainability programs that reduced environmental impacts by 45% while achieving significant cost savings. carlos's expertise in environmental compliance, green technologies, and sustainable design has guided major infrastructure projects successfully. his leadership of interdisciplinary teams and collaboration with stakeholders demonstrate exceptional project management capabilities. carlos's combination of environmental expertise, strategic thinking, and leadership skills makes him perfectly suited for senior sustainability executive positions."
38,Patricia,Stewart,Nursing Director,Dr. Robert Martinez,r.martinez@generalhospital.com,"patricia stewart was an exceptional staff nurse whose clinical competence and compassionate patient care consistently earned recognition from patients, families, and colleagues. her nursing skills, attention to detail, and ability to work effectively under pressure made her invaluable to our nursing team. patricia demonstrated strong critical thinking abilities and maintained excellent patient safety standards. she mentored new nurses and contributed to quality improvement initiatives throughout her tenure. patricia's commitment to professional development and pursuit of advanced nursing credentials positioned her well for advancement in nursing leadership and healthcare management."
38,Patricia,Stewart,Chief Nursing Officer,Dr. Jennifer Wilson,j.wilson@healthcaresolutions.com,"patricia stewart is an outstanding senior nurse practitioner whose clinical leadership and patient advocacy have significantly impacted our healthcare delivery. she established comprehensive care protocols that improved patient outcomes while reducing readmission rates by 25%. patricia's expertise in primary care, chronic disease management, and patient education has enhanced our clinical services substantially. her mentorship of nursing staff and leadership of quality improvement initiatives demonstrate exceptional healthcare leadership. patricia's combination of clinical excellence, patient advocacy, and strategic thinking makes her perfectly suited for senior healthcare executive positions."
39,Benjamin,Sanchez,CTO,Dr. Michael Chen,m.chen@techstartup.com,"benjamin sanchez was an exceptional software engineer whose technical skills and innovative thinking consistently impressed our development team. his programming expertise, system design abilities, and problem solving approach resulted in scalable, efficient software solutions. benjamin's code quality, documentation standards, and collaborative approach with team members made him a valuable contributor to our technology initiatives. he demonstrated strong learning agility and adaptability to new technologies. benjamin's technical leadership potential and strategic thinking about software architecture positioned him well for advancement in senior engineering and technology leadership roles."
39,Benjamin,Sanchez,Chief Technology Officer,Jennifer Rodriguez,j.rodriguez@softwarearchitecturecorp.com,"benjamin sanchez is an outstanding enterprise architect whose technical vision and leadership have driven our organization's digital transformation success. he designed and implemented enterprise architecture frameworks that improved system performance by 60% while reducing technical debt significantly. benjamin's expertise in cloud technologies, microservices architecture, and enterprise integration has established technology standards across the organization. his mentorship of engineering teams and strategic guidance on technology investments demonstrate exceptional technical leadership. benjamin's combination of deep technical expertise, architectural thinking, and strategic vision makes him perfectly suited for senior technology executive positions."
40,Cynthia,Morris,Finance Director,Robert Wilson,r.wilson@investmentbanking.com,"cynthia morris was an exceptional financial analyst whose analytical capabilities and attention to detail consistently produced high quality financial analysis and reporting. her understanding of financial modeling, valuation techniques, and market analysis was impressive. cynthia managed complex financial projects while maintaining accuracy and meeting tight deadlines consistently. she demonstrated strong presentation skills and ability to communicate complex financial concepts to various stakeholders. cynthia's strategic thinking about financial opportunities and commitment to professional development positioned her well for advancement in finance leadership roles."
40,Cynthia,Morris,Chief Financial Officer,Dr. Patricia Martinez,p.martinez@strategicfinancesolutions.com,"cynthia morris is an outstanding finance director whose strategic leadership and financial expertise have driven exceptional organizational performance. she implemented comprehensive financial planning systems that improved budgeting accuracy and identified cost optimization opportunities worth $2.5m annually. cynthia's expertise in corporate finance, investment analysis, and risk management has guided critical business decisions successfully. her leadership of finance teams and development of financial controls has strengthened our financial management capabilities. cynthia's combination of financial acumen, strategic thinking, and leadership skills makes her perfectly suited for senior finance executive positions."
41,Harold,Rogers,Project Director,Thomas Wilson,t.wilson@buildingsolutions.com,"harold rogers was an exceptional construction supervisor whose leadership and technical expertise consistently delivered high quality construction projects. his understanding of construction methods, safety protocols, and project coordination was comprehensive. harold managed construction crews effectively while maintaining strict safety standards and quality controls. he demonstrated strong problem solving abilities and kept projects on schedule despite challenging conditions. harold's communication skills with subcontractors, clients, and team members were excellent. his commitment to construction excellence and natural leadership abilities positioned him well for advancement in construction management and general contracting."
41,Harold,Rogers,Construction Executive,Jennifer Davis,j.davis@rogersconstruction.com,"harold rogers is an outstanding general contractor whose business leadership and construction expertise have built a highly successful construction company. his project management of residential and commercial developments has earned an excellent reputation for quality and reliability. harold's expertise in construction planning, cost estimation, and subcontractor management has resulted in consistent profitability and client satisfaction. his leadership during complex construction challenges and ability to adapt to changing market conditions demonstrate exceptional business acumen. harold's combination of construction expertise, entrepreneurial spirit, and leadership skills makes him perfectly suited for senior construction executive positions."
42,Katherine,Reed,Research Director,Dr. Michael Martinez,m.martinez@researchsolutions.com,"katherine reed was an exceptional market research analyst whose analytical skills and research methodology consistently produced valuable insights for our clients. her ability to design research studies, analyze data, and present findings clearly was impressive. katherine managed multiple research projects simultaneously while maintaining high quality standards and meeting all deadlines. she demonstrated strong critical thinking abilities and showed innovation in research approaches. katherine's understanding of market dynamics and consumer behavior, combined with her excellent communication skills, positioned her well for advancement in market research leadership roles."
42,Katherine,Reed,VP of Market Intelligence,Sandra Rodriguez,s.rodriguez@strategicmarketresearch.com,"katherine reed is an outstanding research manager whose strategic leadership and analytical expertise have established our organization as a leader in market intelligence. she developed comprehensive research methodologies that improved accuracy and insight quality while reducing research timelines by 30%. katherine's expertise in quantitative analysis, consumer insights, and competitive intelligence has guided major strategic decisions for our clients. her leadership of research teams and development of innovative research approaches demonstrate exceptional analytical leadership. katherine's combination of research expertise, strategic thinking, and team leadership makes her perfectly suited for senior market research executive positions."
43,Dennis,Cook,Operations Director,Robert Thompson,r.thompson@manufacturingsolutions.com,"dennis cook was an exceptional industrial engineer whose analytical approach and process improvement expertise consistently delivered measurable results. his understanding of manufacturing processes, quality systems, and efficiency optimization was comprehensive. dennis implemented lean manufacturing principles that reduced waste and improved productivity significantly. he collaborated effectively with production teams while maintaining focus on safety and quality standards. dennis's problem solving abilities and data driven approach to process improvement positioned him well for advancement in operations management and manufacturing leadership."
43,Dennis,Cook,VP of Operations,Maria Santos,m.santos@industrialengineeringpro.com,"dennis cook is an outstanding operations manager whose leadership and process expertise have transformed our manufacturing operations. he implemented comprehensive operational improvements that increased efficiency by 35% while reducing costs and improving quality metrics. dennis's expertise in lean manufacturing, six sigma, and operational excellence has established best practices across multiple facilities. his leadership of cross functional improvement teams and mentorship of engineering staff demonstrate exceptional operational leadership. dennis's combination of technical expertise, analytical thinking, and strategic leadership makes him perfectly suited for senior operations executive positions."
44,Helen,Bailey,Pharmacy Director,Dr. Patricia Wilson,p.wilson@communitypharmacy.com,"helen bailey was an exceptional staff pharmacist whose clinical knowledge and patient care focus consistently ensured optimal pharmaceutical services. her understanding of pharmacology, drug interactions, and patient counseling was comprehensive. helen maintained high accuracy standards in prescription dispensing while providing excellent patient education and consultation services. she collaborated effectively with healthcare providers and demonstrated strong attention to regulatory compliance. helen's commitment to pharmaceutical care and pursuit of specialized certifications positioned her well for advancement in pharmacy management and clinical pharmacy leadership."
44,Helen,Bailey,Chief Pharmacy Officer,Dr. Michael Rodriguez,m.rodriguez@specializedpharmacysolutions.com,"helen bailey is an outstanding pharmacy manager whose clinical leadership and operational expertise have significantly enhanced our pharmacy services. she implemented comprehensive medication management programs that improved patient outcomes while ensuring regulatory compliance across all pharmacy operations. helen's expertise in geriatric pharmacy, clinical protocols, and staff development has established excellence standards. her leadership during pharmacy expansions and implementation of new clinical services has been exemplary. helen's combination of clinical expertise, operational management, and patient advocacy makes her perfectly suited for senior pharmacy executive positions."
45,Lawrence,Rivera,Engineering Director,Dr. Jennifer Martinez,j.martinez@powersystemscorp.com,"lawrence rivera was an exceptional electrical engineer whose technical competence and innovative approach consistently delivered outstanding engineering solutions. his understanding of power systems, electrical design, and safety protocols was comprehensive. lawrence managed complex electrical projects while ensuring code compliance and safety standards. he demonstrated strong analytical skills and ability to solve challenging electrical engineering problems. lawrence's collaborative approach with multidisciplinary teams and commitment to professional development positioned him well for advancement in electrical engineering leadership."
45,Lawrence,Rivera,Chief Technology Officer,Robert Davis,r.davis@networkinfrastructurepro.com,"lawrence rivera is an outstanding senior telecommunications engineer whose technical leadership and strategic vision have driven significant infrastructure improvements. he designed and implemented fiber optic networks serving over 50,000 customers with industry leading reliability standards. lawrence's expertise in telecommunications systems, network architecture, and emerging technologies has positioned our organization at the forefront of telecommunications innovation. his leadership of major infrastructure projects and mentorship of engineering teams demonstrate exceptional technical leadership. lawrence's combination of deep technical knowledge, strategic thinking, and project management skills makes him perfectly suited for senior technology executive positions."
46,Teresa,Cooper,Clinical Research Director,Dr. Sandra Martinez,s.martinez@researchinstitute.com,"teresa cooper was an exceptional clinical research coordinator whose attention to detail and regulatory knowledge consistently ensured high quality research conduct. her understanding of clinical protocols, data management, and regulatory compliance was comprehensive. teresa managed multiple clinical studies simultaneously while maintaining strict adherence to good clinical practice guidelines. she demonstrated excellent organizational skills and ability to coordinate complex research activities effectively. teresa's commitment to research integrity and patient safety, combined with her leadership potential, positioned her well for advancement in clinical research management."
46,Teresa,Cooper,VP of Clinical Development,Dr. Michael Wilson,m.wilson@biomedicalsolutions.com,"teresa cooper is an outstanding director of clinical research whose leadership and expertise have established our organization as a leader in biomedical research. she has overseen clinical trials that resulted in three successful fda approvals while maintaining impeccable regulatory compliance records. teresa's expertise in clinical trial management, regulatory affairs, and biostatistics has guided complex research programs successfully. her leadership of clinical research teams and collaboration with regulatory agencies demonstrate exceptional research leadership. teresa's combination of scientific rigor, regulatory expertise, and strategic thinking makes her perfectly suited for senior clinical research executive positions."
47,Gerald,Peterson,Real Estate Director,Robert Martinez,r.martinez@propertysolutions.com,"gerald peterson was an exceptional real estate agent whose market knowledge and client service consistently achieved outstanding sales results. his understanding of local real estate markets, property valuation, and negotiation strategies was impressive. gerald maintained strong relationships with clients while achieving above average sales volumes and client satisfaction ratings. he demonstrated excellent communication skills and professional integrity in all transactions. gerald's market expertise and business development abilities positioned him well for advancement in commercial real estate and real estate investment management."
47,Gerald,Peterson,Chief Investment Officer,Jennifer Rodriguez,j.rodriguez@propertyinvestmentsolutions.com,"gerald peterson is an outstanding real estate investment manager whose strategic vision and market expertise have generated exceptional investment returns. he built a diversified real estate portfolio worth over $50m while achieving consistent above market returns for investors. gerald's expertise in market analysis, due diligence, and investment strategy has established best practices for real estate investment. his leadership of investment teams and relationships with institutional investors demonstrate exceptional investment management capabilities. gerald's combination of real estate expertise, financial acumen, and strategic thinking makes him perfectly suited for senior investment executive positions."
48,Sandra,Richardson,Education Director,Principal Maria Santos,m.santos@publicschooldistrict.edu,"sandra richardson was an exceptional elementary teacher whose dedication to student success and innovative teaching methods consistently produced outstanding educational outcomes. her classroom management, curriculum development, and student engagement techniques resulted in above average academic achievement across all subject areas. sandra collaborated effectively with colleagues and maintained excellent relationships with parents and students. she demonstrated strong leadership in curriculum committees and professional development initiatives. sandra's educational expertise and natural leadership abilities positioned her well for advancement in educational administration and curriculum leadership."
48,Sandra,Richardson,Superintendent,Dr. Robert Thompson,r.thompson@elementaryeducationpro.edu,"sandra richardson is an outstanding assistant principal whose educational leadership and administrative expertise have significantly improved our school's performance. she implemented comprehensive curriculum improvements that increased student achievement scores by 25% while enhancing teacher effectiveness through professional development programs. sandra's expertise in educational leadership, data analysis, and community engagement has strengthened our educational programs. her leadership during challenging situations and ability to inspire both students and staff demonstrate exceptional educational leadership. sandra's combination of educational expertise, administrative skills, and inspirational leadership makes her perfectly suited for senior educational executive positions."
49,Kenneth,Cox,Culinary Director,Chef Patricia Martinez,p.martinez@finediningrestaurant.com,"kenneth cox was an exceptional line cook whose culinary skills and work ethic consistently contributed to our restaurant's success. his food preparation techniques, attention to detail, and ability to work efficiently under pressure were impressive. kenneth maintained high food quality standards while meeting demanding service requirements. he demonstrated strong learning ability and showed initiative in expanding his culinary knowledge. kenneth's passion for culinary arts and collaborative approach with kitchen staff positioned him well for advancement in culinary leadership roles."
49,Kenneth,Cox,Executive Chef,Restaurant Owner Jennifer Davis,j.davis@restaurantmanagementpro.com,"kenneth cox is an outstanding executive chef whose culinary leadership and business acumen have transformed our restaurant operations. he developed innovative menus that increased customer satisfaction and revenue by 40% while maintaining food cost controls. kenneth's expertise in kitchen management, staff development, and culinary trends has established our restaurant as a local dining destination. his leadership of kitchen teams and ability to maintain high standards during busy service periods demonstrate exceptional culinary leadership. kenneth's combination of culinary expertise, business sense, and team leadership makes him perfectly suited for senior culinary executive positions."
